ciudad,archivo,estacion,wmo,lat,lon,elevacion_m,fuente,periodo_registro,ventana,anos_por_mes,ano_centroide,tiene_cond_diseno,n_filas,integridad_8760,dbt_faltantes,presion_sustituida
Arequipa,PER_ARE_Arequipa-Rodriguez.AP.847520_TMYx.2004-2018.epw,Arequipa-Rodriguez.AP,847520,-16.341,-71.583,2561.8,Custom-847520,2004-2018,2004-2018,2005;2013;2012;2018;2011;2010;2012;2011;2011;2012;2012;2016,2011.9,True,8760,True,0,False
Arequipa,PER_ARE_Arequipa-Rodriguez.AP.847520_TMYx.2007-2021.epw,Arequipa-Rodriguez.AP,847520,-16.341,-71.583,2561.8,SRC-TMYx,2007-2021,2007-2021,2014;2018;2013;2017;2011;2017;2021;2018;2016;2013;2012;2020,2015.8,True,8760,True,0,False
Arequipa,PER_ARE_Arequipa-Rodriguez.AP.847520_TMYx.2009-2023.epw,Arequipa-Rodriguez.AP,847520,-16.341,-71.583,2561.8,SRC-TMYx,2009-2023,2009-2023,2014;2018;2012;2017;2011;2020;2021;2018;2011;2013;2012;2020,2015.6,True,8760,True,0,False
Arequipa,PER_ARE_Arequipa-Rodriguez.AP.847520_TMYx.2011-2025.epw,Arequipa-Rodriguez.AP,847520,-16.341,-71.583,2561.8,SRC-TMYx,2011-2025,2011-2025,2014;2019;2012;2017;2011;2024;2022;2018;2024;2013;2017;2024,2017.9,True,8760,True,0,False
Arequipa,PER_ARE_Arequipa-Rodriguez.AP.847520_TMYx.epw,Arequipa-Rodriguez.AP,847520,-16.341,-71.583,2561.8,SRC-TMYx,1942-2025,completo,2022;1960;1995;1987;2009;1979;1969;1975;2003;1988;1979;1978,1987.0,True,8760,True,0,False
Cusco,PER_CUS_Cusco-Astete.Intl.AP.846860_TMYx.2004-2018.epw,Cusco-Astete.Intl.AP,846860,-13.536,-71.939,3310.1,Custom-846860,2004-2018,2004-2018,2004;2005;2006;2009;2011;2012;2014;2015;2018;2004;2012;2005,2009.6,True,8760,True,0,False
Cusco,PER_CUS_Cusco-Astete.Intl.AP.846860_TMYx.2007-2021.epw,Cusco-Astete.Intl.AP,846860,-13.536,-71.939,3310.1,SRC-TMYx,2007-2021,2007-2021,2017;2014;2021;2010;2011;2010;2012;2015;2010;2012;2015;2014,2013.4,True,8760,True,0,False
Cusco,PER_CUS_Cusco-Astete.Intl.AP.846860_TMYx.2009-2023.epw,Cusco-Astete.Intl.AP,846860,-13.536,-71.939,3310.1,SRC-TMYx,2009-2023,2009-2023,2022;2014;2021;2010;2023;2010;2019;2017;2009;2015;2015;2014,2015.8,True,8760,True,0,False
Cusco,PER_CUS_Cusco-Astete.Intl.AP.846860_TMYx.2011-2025.epw,Cusco-Astete.Intl.AP,846860,-13.536,-71.939,3310.1,SRC-TMYx,2011-2025,2011-2025,2023;2022;2013;2019;2023;2016;2021;2017;2019;2015;2015;2016,2018.2,True,8760,True,0,False
Cusco,PER_CUS_Cusco-Astete.Intl.AP.846860_TMYx.epw,Cusco-Astete.Intl.AP,846860,-13.536,-71.939,3310.1,SRC-TMYx,1949-2025,completo,2006;2009;1979;2002;1981;1995;2018;1960;1994;2001;1992;2004,1995.1,True,8760,True,0,False
Iquitos,PER_LOR_Iquitos-Secada.Intl.AP.843770_TMYx.2004-2018.epw,Iquitos-Secada.Intl.AP,843770,-3.785,-73.309,93.3,Custom-843770,2004-2018,2004-2018,2007;2005;2004;2006;2012;2009;2014;2016;2018;2016;2012;2017,2011.3,True,8760,True,0,False
Iquitos,PER_LOR_Iquitos-Secada.Intl.AP.843770_TMYx.2007-2021.epw,Iquitos-Secada.Intl.AP,843770,-3.785,-73.309,93.3,SRC-TMYx,2007-2021,2007-2021,2007;2017;2018;2017;2014;2010;2019;2012;2014;2016;2020;2014,2014.8,True,8760,True,0,False
Iquitos,PER_LOR_Iquitos-Secada.Intl.AP.843770_TMYx.2009-2023.epw,Iquitos-Secada.Intl.AP,843770,-3.785,-73.309,93.3,SRC-TMYx,2009-2023,2009-2023,2021;2017;2011;2017;2014;2010;2022;2012;2018;2021;2011;2014,2015.7,True,8760,True,0,False
Iquitos,PER_LOR_Iquitos-Secada.Intl.AP.843770_TMYx.2011-2025.epw,Iquitos-Secada.Intl.AP,843770,-3.785,-73.309,93.3,SRC-TMYx,2011-2025,2011-2025,2021;2017;2011;2017;2014;2013;2018;2020;2018;2021;2011;2014,2016.2,True,8760,True,0,False
Iquitos,PER_LOR_Iquitos-Secada.Intl.AP.843770_TMYx.epw,Iquitos-Secada.Intl.AP,843770,-3.785,-73.309,93.3,SRC-TMYx,1973-2025,completo,2000;2017;1979;1988;1990;1993;1993;2001;2016;1973;2021;2003,1997.8,True,8760,True,0,False
Juliaca,PER_PUN_Juliaca-Manco.AP.847350_TMYx.2004-2018.epw,Juliaca-Manco.AP,847350,-15.467,-70.158,3825.8,Custom-847350,2004-2018,2004-2018,2007;2009;2012;2006;2011;2017;2014;2011;2004;2011;2004;2017,2010.2,False,8760,True,0,False
Juliaca,PER_PUN_Juliaca-Manco.AP.847350_TMYx.2007-2021.epw,Juliaca-Manco.AP,847350,-15.467,-70.158,3825.8,SRC-TMYx,2007-2021,2007-2021,2017;2009;2019;2011;2020;2019;2019;2007;2015;2015;2015;2010,2014.7,False,8760,True,0,False
Juliaca,PER_PUN_Juliaca-Manco.AP.847350_TMYx.2009-2023.epw,Juliaca-Manco.AP,847350,-15.467,-70.158,3825.8,SRC-TMYx,2009-2023,2009-2023,2017;2023;2019;2011;2020;2019;2019;2022;2015;2010;2014;2017,2017.2,False,8760,True,0,False
Juliaca,PER_PUN_Juliaca-Manco.AP.847350_TMYx.2011-2025.epw,Juliaca-Manco.AP,847350,-15.467,-70.158,3825.8,SRC-TMYx,2011-2025,2011-2025,2017;2025;2019;2017;2020;2024;2019;2022;2015;2015;2014;2017,2018.7,False,8760,True,0,False
Juliaca,PER_PUN_Juliaca-Manco.AP.847350_TMYx.epw,Juliaca-Manco.AP,847350,-15.467,-70.158,3825.8,SRC-TMYx,1961-2025,completo,2013;2005;1991;2021;1987;2012;2001;1975;1989;1968;1997;2022,1998.4,False,8760,True,0,False
Lima,PER_LMA_Lima-Chavez.Intl.AP.846280_TMYx.2004-2018.epw,Lima-Chavez.Intl.AP,846280,-12.022,-77.114,34.4,Custom-846280,2004-2017,2004-2018,2009;2006;2012;2007;2016;2010;2017;2017;2012;2012;2008;2005,2010.9,True,8760,True,0,False
Lima,PER_LMA_Lima-Chavez.Intl.AP.846280_TMYx.2007-2021.epw,Lima-Chavez.Intl.AP,846280,-12.022,-77.114,34.4,SRC-TMYx,2007-2021,2007-2021,2020;2012;2012;2019;2010;2021;2021;2014;2014;2009;2012;2008,2014.3,True,8760,True,0,False
Lima,PER_LMA_Lima-Chavez.Intl.AP.846280_TMYx.2009-2023.epw,Lima-Chavez.Intl.AP,846280,-12.022,-77.114,34.4,SRC-TMYx,2009-2023,2009-2023,2015;2012;2012;2019;2010;2009;2021;2018;2009;2020;2012;2009,2013.8,True,8760,True,0,False
Lima,PER_LMA_Lima-Chavez.Intl.AP.846280_TMYx.2011-2025.epw,Lima-Chavez.Intl.AP,846280,-12.022,-77.114,34.4,SRC-TMYx,2011-2025,2011-2025,2015;2012;2021;2019;2020;2021;2021;2018;2025;2011;2012;2016,2017.6,True,8760,True,0,False
Lima,PER_LMA_Lima-Chavez.Intl.AP.846280_TMYx.epw,Lima-Chavez.Intl.AP,846280,-12.022,-77.114,34.4,SRC-TMYx,1960-2025,completo,1969;2011;1999;1981;1991;1994;2014;2018;1992;2024;1986;2014,1999.4,True,8760,True,0,False
Piura,PER_PIU_Piura-Iberico.Intl.AP.844010_TMYx.2004-2018.epw,Piura-Iberico.Intl.AP,844010,-5.206,-80.616,35.4,Custom-844010,2004-2018,2004-2018,2006;2012;2007;2005;2010;2009;2011;2011;2004;2009;2004;2006,2007.8,True,8760,True,0,False
Piura,PER_PIU_Piura-Iberico.Intl.AP.844010_TMYx.2007-2021.epw,Piura-Iberico.Intl.AP,844010,-5.206,-80.616,35.4,SRC-TMYx,2007-2021,2007-2021,2013;2017;2009;2007;2010;2009;2021;2011;2011;2019;2008;2011,2012.2,True,8760,True,0,False
Piura,PER_PIU_Piura-Iberico.Intl.AP.844010_TMYx.2009-2023.epw,Piura-Iberico.Intl.AP,844010,-5.206,-80.616,35.4,SRC-TMYx,2009-2023,2009-2023,2013;2018;2009;2019;2019;2009;2021;2011;2011;2009;2011;2018,2014.0,True,8760,True,0,False
Piura,PER_PIU_Piura-Iberico.Intl.AP.844010_TMYx.2011-2025.epw,Piura-Iberico.Intl.AP,844010,-5.206,-80.616,35.4,SRC-TMYx,2011-2025,2011-2025,2015;2015;2014;2019;2019;2019;2021;2011;2018;2025;2011;2022,2017.4,True,8760,True,0,False
Piura,PER_PIU_Piura-Iberico.Intl.AP.844010_TMYx.epw,Piura-Iberico.Intl.AP,844010,-5.206,-80.616,35.4,SRC-TMYx,1957-2025,completo,1990;1977;2009;1976;1988;1958;1977;2011;2011;2019;1990;1985,1990.9,True,8760,True,0,False
Tacna,PER_ARE_Tacna-Ciriani.Intl.AP.847820_TMYx.2004-2018.epw,Tacna-Ciriani.Intl.AP,847820,-18.053,-70.276,468.8,Custom-847820,2004-2018,2004-2018,2010;2013;2009;2011;2014;2006;2004;2008;2013;2009;2011;2006,2009.5,True,8760,True,0,False
Tacna,PER_ARE_Tacna-Ciriani.Intl.AP.847820_TMYx.2007-2021.epw,Tacna-Ciriani.Intl.AP,847820,-18.053,-70.276,468.8,SRC-TMYx,2007-2021,2007-2021,2012;2020;2007;2019;2018;2019;2018;2017;2012;2009;2011;2018,2015.0,True,8760,True,0,False
Tacna,PER_ARE_Tacna-Ciriani.Intl.AP.847820_TMYx.2009-2023.epw,Tacna-Ciriani.Intl.AP,847820,-18.053,-70.276,468.8,SRC-TMYx,2009-2023,2009-2023,2012;2020;2018;2019;2012;2016;2017;2014;2012;2009;2011;2018,2014.8,True,8760,True,0,False
Tacna,PER_ARE_Tacna-Ciriani.Intl.AP.847820_TMYx.2011-2025.epw,Tacna-Ciriani.Intl.AP,847820,-18.053,-70.276,468.8,SRC-TMYx,2011-2025,2011-2025,2012;2020;2025;2019;2018;2025;2017;2014;2024;2017;2011;2018,2018.3,True,8760,True,0,False
Tacna,PER_ARE_Tacna-Ciriani.Intl.AP.847820_TMYx.epw,Tacna-Ciriani.Intl.AP,847820,-18.053,-70.276,468.8,SRC-TMYx,1957-2025,completo,1982;1982;1991;2011;1982;1981;1963;2014;1958;2009;2002;1968,1986.9,True,8760,True,0,False
Trujillo,PER_LAL_Huanchaco-Pinillos.Intl.AP.845010_TMYx.2004-2018.epw,Huanchaco-Pinillos.Intl.AP,845010,-8.081,-79.109,32.3,Custom-845010,2004-2018,2004-2018,2005;2009;2007;2004;2016;2006;2011;2017;2009;2008;2012;2013,2009.8,True,8760,True,0,False
Trujillo,PER_LAL_Huanchaco-Pinillos.Intl.AP.845010_TMYx.2007-2021.epw,Huanchaco-Pinillos.Intl.AP,845010,-8.081,-79.109,32.3,SRC-TMYx,2007-2021,2007-2021,2014;2020;2007;2016;2020;2017;2014;2018;2014;2020;2011;2014,2015.4,True,8760,True,0,False
Trujillo,PER_LAL_Huanchaco-Pinillos.Intl.AP.845010_TMYx.2009-2023.epw,Huanchaco-Pinillos.Intl.AP,845010,-8.081,-79.109,32.3,SRC-TMYx,2009-2023,2009-2023,2020;2012;2019;2019;2019;2009;2014;2018;2014;2020;2012;2016,2016.0,True,8760,True,0,False
Trujillo,PER_LAL_Huanchaco-Pinillos.Intl.AP.845010_TMYx.2011-2025.epw,Huanchaco-Pinillos.Intl.AP,845010,-8.081,-79.109,32.3,SRC-TMYx,2011-2025,2011-2025,2012;2020;2019;2024;2019;2017;2014;2025;2025;2024;2012;2016,2018.9,True,8760,True,0,False
Trujillo,PER_LAL_Huanchaco-Pinillos.Intl.AP.845010_TMYx.epw,Huanchaco-Pinillos.Intl.AP,845010,-8.081,-79.109,32.3,SRC-TMYx,1949-2025,completo,1960;1988;2015;2024;1995;1963;2011;2021;2014;1998;2014;2016,2001.6,True,8760,True,0,False
