ciudad,wmo,ventana,url
Lima,846280,completo,https://climate.onebuilding.org/WMO_Region_3_South_America/PER_Peru/LMA_Lima_Province/PER_LMA_Lima-Chavez.Intl.AP.846280_TMYx.zip
Lima,846280,2004-2018,https://climate.onebuilding.org/WMO_Region_3_South_America/PER_Peru/LMA_Lima_Province/PER_LMA_Lima-Chavez.Intl.AP.846280_TMYx.2004-2018.zip
Lima,846280,2007-2021,https://climate.onebuilding.org/WMO_Region_3_South_America/PER_Peru/LMA_Lima_Province/PER_LMA_Lima-Chavez.Intl.AP.846280_TMYx.2007-2021.zip
Lima,846280,2009-2023,https://climate.onebuilding.org/WMO_Region_3_South_America/PER_Peru/LMA_Lima_Province/PER_LMA_Lima-Chavez.Intl.AP.846280_TMYx.2009-2023.zip
Lima,846280,2011-2025,https://climate.onebuilding.org/WMO_Region_3_South_America/PER_Peru/LMA_Lima_Province/PER_LMA_Lima-Chavez.Intl.AP.846280_TMYx.2011-2025.zip
Arequipa,847520,completo,https://climate.onebuilding.org/WMO_Region_3_South_America/PER_Peru/ARE_Arequipa/PER_ARE_Arequipa-Rodriguez.AP.847520_TMYx.zip
Arequipa,847520,2004-2018,https://climate.onebuilding.org/WMO_Region_3_South_America/PER_Peru/ARE_Arequipa/PER_ARE_Arequipa-Rodriguez.AP.847520_TMYx.2004-2018.zip
Arequipa,847520,2007-2021,https://climate.onebuilding.org/WMO_Region_3_South_America/PER_Peru/ARE_Arequipa/PER_ARE_Arequipa-Rodriguez.AP.847520_TMYx.2007-2021.zip
Arequipa,847520,2009-2023,https://climate.onebuilding.org/WMO_Region_3_South_America/PER_Peru/ARE_Arequipa/PER_ARE_Arequipa-Rodriguez.AP.847520_TMYx.2009-2023.zip
Arequipa,847520,2011-2025,https://climate.onebuilding.org/WMO_Region_3_South_America/PER_Peru/ARE_Arequipa/PER_ARE_Arequipa-Rodriguez.AP.847520_TMYx.2011-2025.zip
Cusco,846860,completo,https://climate.onebuilding.org/WMO_Region_3_South_America/PER_Peru/CUS_Cusco/PER_CUS_Cusco-Astete.Intl.AP.846860_TMYx.zip
Cusco,846860,2004-2018,https://climate.onebuilding.org/WMO_Region_3_South_America/PER_Peru/CUS_Cusco/PER_CUS_Cusco-Astete.Intl.AP.846860_TMYx.2004-2018.zip
Cusco,846860,2007-2021,https://climate.onebuilding.org/WMO_Region_3_South_America/PER_Peru/CUS_Cusco/PER_CUS_Cusco-Astete.Intl.AP.846860_TMYx.2007-2021.zip
Cusco,846860,2009-2023,https://climate.onebuilding.org/WMO_Region_3_South_America/PER_Peru/CUS_Cusco/PER_CUS_Cusco-Astete.Intl.AP.846860_TMYx.2009-2023.zip
Cusco,846860,2011-2025,https://climate.onebuilding.org/WMO_Region_3_South_America/PER_Peru/CUS_Cusco/PER_CUS_Cusco-Astete.Intl.AP.846860_TMYx.2011-2025.zip
Iquitos,843770,completo,https://climate.onebuilding.org/WMO_Region_3_South_America/PER_Peru/LOR_Loreto/PER_LOR_Iquitos-Secada.Intl.AP.843770_TMYx.zip
Iquitos,843770,2004-2018,https://climate.onebuilding.org/WMO_Region_3_South_America/PER_Peru/LOR_Loreto/PER_LOR_Iquitos-Secada.Intl.AP.843770_TMYx.2004-2018.zip
Iquitos,843770,2007-2021,https://climate.onebuilding.org/WMO_Region_3_South_America/PER_Peru/LOR_Loreto/PER_LOR_Iquitos-Secada.Intl.AP.843770_TMYx.2007-2021.zip
Iquitos,843770,2009-2023,https://climate.onebuilding.org/WMO_Region_3_South_America/PER_Peru/LOR_Loreto/PER_LOR_Iquitos-Secada.Intl.AP.843770_TMYx.2009-2023.zip
Iquitos,843770,2011-2025,https://climate.onebuilding.org/WMO_Region_3_South_America/PER_Peru/LOR_Loreto/PER_LOR_Iquitos-Secada.Intl.AP.843770_TMYx.2011-2025.zip
Piura,844010,completo,https://climate.onebuilding.org/WMO_Region_3_South_America/PER_Peru/PIU_Piura/PER_PIU_Piura-Iberico.Intl.AP.844010_TMYx.zip
Piura,844010,2004-2018,https://climate.onebuilding.org/WMO_Region_3_South_America/PER_Peru/PIU_Piura/PER_PIU_Piura-Iberico.Intl.AP.844010_TMYx.2004-2018.zip
Piura,844010,2007-2021,https://climate.onebuilding.org/WMO_Region_3_South_America/PER_Peru/PIU_Piura/PER_PIU_Piura-Iberico.Intl.AP.844010_TMYx.2007-2021.zip
Piura,844010,2009-2023,https://climate.onebuilding.org/WMO_Region_3_South_America/PER_Peru/PIU_Piura/PER_PIU_Piura-Iberico.Intl.AP.844010_TMYx.2009-2023.zip
Piura,844010,2011-2025,https://climate.onebuilding.org/WMO_Region_3_South_America/PER_Peru/PIU_Piura/PER_PIU_Piura-Iberico.Intl.AP.844010_TMYx.2011-2025.zip
Juliaca,847350,completo,https://climate.onebuilding.org/WMO_Region_3_South_America/PER_Peru/PUN_Puno/PER_PUN_Juliaca-Manco.AP.847350_TMYx.zip
Juliaca,847350,2004-2018,https://climate.onebuilding.org/WMO_Region_3_South_America/PER_Peru/PUN_Puno/PER_PUN_Juliaca-Manco.AP.847350_TMYx.2004-2018.zip
Juliaca,847350,2007-2021,https://climate.onebuilding.org/WMO_Region_3_South_America/PER_Peru/PUN_Puno/PER_PUN_Juliaca-Manco.AP.847350_TMYx.2007-2021.zip
Juliaca,847350,2009-2023,https://climate.onebuilding.org/WMO_Region_3_South_America/PER_Peru/PUN_Puno/PER_PUN_Juliaca-Manco.AP.847350_TMYx.2009-2023.zip
Juliaca,847350,2011-2025,https://climate.onebuilding.org/WMO_Region_3_South_America/PER_Peru/PUN_Puno/PER_PUN_Juliaca-Manco.AP.847350_TMYx.2011-2025.zip
Trujillo,845010,completo,https://climate.onebuilding.org/WMO_Region_3_South_America/PER_Peru/LAL_La_Libertad/PER_LAL_Huanchaco-Pinillos.Intl.AP.845010_TMYx.zip
Trujillo,845010,2004-2018,https://climate.onebuilding.org/WMO_Region_3_South_America/PER_Peru/LAL_La_Libertad/PER_LAL_Huanchaco-Pinillos.Intl.AP.845010_TMYx.2004-2018.zip
Trujillo,845010,2007-2021,https://climate.onebuilding.org/WMO_Region_3_South_America/PER_Peru/LAL_La_Libertad/PER_LAL_Huanchaco-Pinillos.Intl.AP.845010_TMYx.2007-2021.zip
Trujillo,845010,2009-2023,https://climate.onebuilding.org/WMO_Region_3_South_America/PER_Peru/LAL_La_Libertad/PER_LAL_Huanchaco-Pinillos.Intl.AP.845010_TMYx.2009-2023.zip
Trujillo,845010,2011-2025,https://climate.onebuilding.org/WMO_Region_3_South_America/PER_Peru/LAL_La_Libertad/PER_LAL_Huanchaco-Pinillos.Intl.AP.845010_TMYx.2011-2025.zip
Tacna,847820,completo,https://climate.onebuilding.org/WMO_Region_3_South_America/PER_Peru/ARE_Arequipa/PER_ARE_Tacna-Ciriani.Intl.AP.847820_TMYx.zip
Tacna,847820,2004-2018,https://climate.onebuilding.org/WMO_Region_3_South_America/PER_Peru/ARE_Arequipa/PER_ARE_Tacna-Ciriani.Intl.AP.847820_TMYx.2004-2018.zip
Tacna,847820,2007-2021,https://climate.onebuilding.org/WMO_Region_3_South_America/PER_Peru/ARE_Arequipa/PER_ARE_Tacna-Ciriani.Intl.AP.847820_TMYx.2007-2021.zip
Tacna,847820,2009-2023,https://climate.onebuilding.org/WMO_Region_3_South_America/PER_Peru/ARE_Arequipa/PER_ARE_Tacna-Ciriani.Intl.AP.847820_TMYx.2009-2023.zip
Tacna,847820,2011-2025,https://climate.onebuilding.org/WMO_Region_3_South_America/PER_Peru/ARE_Arequipa/PER_ARE_Tacna-Ciriani.Intl.AP.847820_TMYx.2011-2025.zip
