archivo,ciudad,estacion,wmo,lat,lon,huso,elevacion_m,fuente,periodo_registro,tiene_cond_diseno,anos_por_mes,ano_centroide,n_filas,integridad_8760,dbt_faltantes,presion_sustituida,dbt_media,dbt_min,dbt_max,dbt_p0.4,dbt_p1.0,dbt_p99.0,dbt_p99.6,hr_media,dpt_media,dpt_p99,w_media_gkg,w_p99_gkg,wspd_media,ghi_anual_kwh_m2,dni_anual_kwh_m2,gh_enfriamiento_b18,gh_enfriamiento_b24,gh_enfriamiento_b26,gh_enfriamiento_b28,gh_calefaccion_b18,horas_sobre_26,horas_sobre_28,horas_sobre_30,horas_sobre_32,horas_bajo_10,horas_bajo_5,rango_diario_medio,rango_diario_p95,amplitud_ciclo_diurno,hora_pico,autocorr_lag1,autocorr_lag2,autocorr_lag3,rachas_p90_cantidad,rachas_p90_dur_media,rachas_p90_dur_max,dbt_valores_unicos,dbt_media_ene,dbt_max_ene,w_media_ene,ghi_ene_kwh_m2,dbt_media_feb,dbt_max_feb,w_media_feb,ghi_feb_kwh_m2,dbt_media_mar,dbt_max_mar,w_media_mar,ghi_mar_kwh_m2,dbt_media_abr,dbt_max_abr,w_media_abr,ghi_abr_kwh_m2,dbt_media_may,dbt_max_may,w_media_may,ghi_may_kwh_m2,dbt_media_jun,dbt_max_jun,w_media_jun,ghi_jun_kwh_m2,dbt_media_jul,dbt_max_jul,w_media_jul,ghi_jul_kwh_m2,dbt_media_ago,dbt_max_ago,w_media_ago,ghi_ago_kwh_m2,dbt_media_sep,dbt_max_sep,w_media_sep,ghi_sep_kwh_m2,dbt_media_oct,dbt_max_oct,w_media_oct,ghi_oct_kwh_m2,dbt_media_nov,dbt_max_nov,w_media_nov,ghi_nov_kwh_m2,dbt_media_dic,dbt_max_dic,w_media_dic,ghi_dic_kwh_m2,hash_sha256
AREQUIPA_BASE_2011-2025.epw,Arequipa,Arequipa-Rodriguez.AP,847520,-16.341,-71.583,-5.0,2561.8,SRC-TMYx,2011-2025,True,2014;2019;2012;2017;2011;2024;2022;2018;2024;2013;2017;2024,2017.9,8760,True,0,False,13.490947488584473,2.0,24.0,3.9,4.6,22.0,23.0,49.00684931506849,1.38074200913242,13.5,6.1912615172443815,12.951470653305613,2.8832191780821925,2336.98,2592.756,3488.5000000000005,0.0,0.0,0.0,42987.8,0,0,0,0,1793,139,12.302739726027399,17.4,10.816164383561642,13,0.8206283540179281,0.6506227987686947,0.5197259354483802,17,2.1176470588235294,5,212,13.009543010752688,21.0,9.804796748154617,183.46,12.990029761904761,21.0,10.246095082746198,139.605,13.084543010752688,20.5,9.616028970436114,167.159,13.405555555555555,23.0,8.765524237156235,176.664,13.014247311827955,24.0,5.9326546262797395,179.221,12.363055555555555,24.0,3.170349878273787,162.418,12.507258064516131,22.0,2.673226188702626,177.238,13.11532258064516,23.3,2.7969041041011278,199.087,14.370277777777778,23.7,3.3990548414840482,221.02,14.88427419354839,23.0,4.503026977646947,250.861,14.580833333333334,22.0,5.677090178944677,247.17,14.54233870967742,22.0,7.981724236341522,233.077,64ffe331e13ffc8ff1f7b6fe84501a389197375e042869f4ce939afb553c5ca9
AREQUIPA_ssp126_2050.epw,Arequipa,Arequipa-Rodriguez.AP,847520,-16.341,-71.583,-5.0,2561.8,SRC-TMYx,,False,,,8760,True,0,False,14.921267123287674,3.4,25.5,5.4,6.1,23.6,24.5,50.69771689497717,3.1945205479452055,14.540999999999986,7.000568285266843,13.8206279855827,2.883196347031964,2353.258,1630.716,6681.5,34.00000000000003,0.0,0.0,33651.2,0,0,0,0,1106,18,12.379726027397261,17.400000000000002,10.87890410958904,13,0.8190022683721613,0.6471509072828678,0.5146439526129788,18,2.0,5,217,14.330107526881724,22.4,10.711321222921248,185.644,14.31830357142857,22.5,11.165280841531247,142.043,14.43561827956989,22.0,10.552917708951027,168.685,14.794027777777778,24.4,9.699439791190962,177.496,14.472849462365591,25.5,6.75121204012713,180.19,13.863055555555555,25.5,3.8971028003916546,162.444,14.01008064516129,23.5,3.3179405259888437,177.691,14.689112903225805,25.0,3.4134455808703597,200.823,15.958888888888891,25.3,4.151296739963016,221.879,16.348924731182795,24.4,5.3142654930957,251.141,15.924305555555556,23.4,6.522673140778358,248.451,15.87916666666667,23.5,8.79258085997483,236.771,f22faa995d7bb38076a528e3acf7e7c555eff9564b1b82b6b22f2a91e1161a56
AREQUIPA_ssp245_2050.epw,Arequipa,Arequipa-Rodriguez.AP,847520,-16.341,-71.583,-5.0,2561.8,SRC-TMYx,,False,,,8760,True,0,False,15.234623287671232,3.8,25.8,5.8,6.4,23.9,24.796399999999995,51.15365296803653,3.6313812785388127,14.8,7.207824057356925,14.08149143090744,2.8770662100456623,2332.881,1613.419,7348.3,49.09999999999999,0.0,0.0,31573.0,0,0,0,0,974,14,12.27041095890411,17.380000000000003,10.785753424657532,13,0.8239669450260393,0.6569682253658631,0.5282000047274498,18,2.0555555555555554,5,216,14.609543010752688,22.6,10.960144619529931,183.498,14.618452380952379,22.7,11.393407486312478,139.823,14.733602150537632,22.2,10.804216233636998,166.948,15.03458333333333,24.6,9.910084860575887,176.165,14.790591397849463,25.7,6.963249475848942,179.004,14.163055555555557,25.8,4.041784220194716,161.943,14.318010752688172,23.9,3.4042125915314223,177.225,15.033736559139786,25.3,3.5474529759750095,199.068,16.305,25.6,4.333628093911697,220.088,16.686827956989248,24.6,5.581725935159069,247.897,16.26527777777778,23.6,6.732282723471552,247.338,16.223924731182795,23.6,9.103739277154515,233.884,1452b9cb6d964be1a5d9e1286c7077ddac3d8ad07b7fb63245c0bd2f5419f15a
AREQUIPA_ssp370_2050.epw,Arequipa,Arequipa-Rodriguez.AP,847520,-16.341,-71.583,-5.0,2561.8,SRC-TMYx,,False,,,8760,True,0,False,15.510068493150687,4.1,26.0,6.1,6.7,24.2,25.0,51.442351598173516,3.9833904109589042,15.0,7.37263435588276,14.300364949979416,2.857682648401827,2322.073,1605.033,8050.5,75.69999999999999,0.0,0.0,29862.3,0,0,0,0,847,11,12.255616438356162,17.3,10.773424657534248,13,0.8252744855964235,0.6595680831800541,0.5320028415152152,18,2.0555555555555554,5,214,14.898252688172045,22.8,11.184849747673725,182.431,14.802827380952381,22.9,11.578107713024828,139.13,14.984005376344086,22.4,10.966204205995396,166.234,15.30625,24.9,10.114176911064183,175.187,15.017741935483873,26.0,7.118311702104236,177.994,14.426944444444445,26.0,4.20679672523753,160.351,14.676209677419354,24.1,3.575525068703096,176.095,15.344354838709679,25.6,3.6660433603124307,198.422,16.60361111111111,25.9,4.4462987767492965,219.048,16.950806451612902,24.9,5.722749800524928,247.049,16.573611111111113,23.9,6.903272628203773,246.626,16.495833333333334,24.0,9.273031362907771,233.506,0dc0211e8a9420186831ed5435d083480c906550bc972623e55765ea225ebb7a
AREQUIPA_ssp585_2050.epw,Arequipa,Arequipa-Rodriguez.AP,847520,-16.341,-71.583,-5.0,2561.8,SRC-TMYx,,False,,,8760,True,0,False,15.783835616438356,4.4,26.3,6.3,7.0,24.4,25.296399999999995,51.846803652968035,4.396621004566209,15.2,7.561370753905532,14.517148650408613,2.858949771689498,2330.323,1614.054,8775.6,119.79999999999995,2.2000000000000064,0.0,28189.2,8,0,0,0,758,7,12.252602739726028,17.28,10.769863013698629,13,0.8254891204875161,0.6600204323827175,0.532337460141042,17,2.176470588235294,5,214,15.099999999999998,23.0,11.340118729272177,183.092,15.143898809523808,23.3,11.75873276633558,141.037,15.226344086021506,22.7,11.178448471293626,167.74,15.602638888888889,25.1,10.306451903100061,176.377,15.312903225806453,26.3,7.3003783866715874,178.611,14.723749999999997,26.3,4.355410180399318,161.131,14.913709677419353,24.4,3.6829042799563,176.835,15.64744623655914,25.9,3.8663566138884837,199.167,16.895833333333332,26.1,4.747737824479833,218.354,17.25416666666667,25.2,5.949795827750413,247.735,16.81,24.2,7.069960770506024,246.667,16.74233870967742,24.2,9.464868251282427,233.577,18c1e64ee050cbae632c96ca88b804804e3d45b59a3e01f50709c8dab5ac6a33
CUSCO_BASE_2011-2025.epw,Cusco,Cusco-Astete.Intl.AP,846860,-13.536,-71.939,-5.0,3310.1,SRC-TMYx,2011-2025,True,2023;2022;2013;2019;2023;2016;2021;2017;2019;2015;2015;2016,2018.2,8760,True,0,False,9.495091324200914,-4.0,24.7,0.4,1.1,19.6,21.0,65.12990867579909,3.114737442922374,10.840999999999987,6.914337940601725,11.802998019014652,1.941529680365297,1990.849,1781.575,338.5,0.6999999999999993,0.0,0.0,74841.50000000001,0,0,0,0,5036,1016,12.378904109589042,17.580000000000002,10.542465753424658,14,0.7158136951445517,0.5432769708117773,0.4786607988268679,17,2.176470588235294,11,221,10.126478494623656,21.0,8.194252588962438,178.565,9.734375,19.1,8.306056253590427,141.186,9.95766129032258,22.0,7.961902807537411,159.266,9.554305555555556,19.5,7.365536457735665,152.292,8.525806451612903,21.0,6.725998494323232,145.565,8.372777777777777,21.0,5.4647968597656735,142.789,8.120564516129033,20.3,5.192298686647422,155.472,8.933333333333334,19.0,5.615242008383127,171.892,9.688194444444445,23.0,5.706417454879945,186.736,10.289650537634408,23.0,6.9120060023307515,200.781,10.626527777777778,24.7,7.721159671847249,178.514,10.043010752688172,22.0,7.895927150275024,177.791,de1538d006351b73d6cf03978bc92235d6ae248dea5f7360b67b8dd3fa86c279
CUSCO_ssp126_2050.epw,Cusco,Cusco-Astete.Intl.AP,846860,-13.536,-71.939,-5.0,3310.1,SRC-TMYx,,False,,,8760,True,0,False,10.921255707762558,-2.7,26.2,1.7,2.5,20.9,22.696399999999993,66.67625570776255,4.397899543378995,12.040999999999986,7.770037143307369,12.813264074538372,1.945673515981735,2024.157,1306.929,858.1,7.8999999999999915,0.1999999999999993,0.0,62867.9,1,0,0,0,4145,477,12.465753424657533,17.7,10.617260273972601,14,0.7028592048862349,0.5220110604156694,0.45388879784802716,16,2.3125,11,234,11.508870967741933,22.3,9.18431040133208,180.671,11.133630952380953,20.5,9.319590532946886,142.642,11.35766129032258,23.4,8.969554993780662,160.764,10.936944444444444,20.8,8.33833265384972,153.005,9.980241935483873,22.6,7.577645183117208,148.432,9.8725,22.5,6.307422522691784,144.447,9.60470430107527,22.0,5.876823273744497,158.946,10.481720430107526,20.9,6.248465206457458,177.45,11.199861111111112,24.7,6.453150079974525,191.457,11.702016129032257,24.5,7.722817864712534,204.261,11.963194444444444,26.2,8.559048110331585,181.837,11.343548387096774,23.3,8.787364411670044,180.245,719281fda874708996d6005ae428531e4a1f66614746a040e70e21b418636db1
CUSCO_ssp245_2050.epw,Cusco,Cusco-Astete.Intl.AP,846860,-13.536,-71.939,-5.0,3310.1,SRC-TMYx,,False,,,8760,True,0,False,11.22230593607306,-2.3,26.4,2.1,2.9,21.2,22.996399999999994,67.12066210045663,4.784771689497717,12.340999999999987,7.979841130131047,13.068609244587277,1.9483333333333335,2005.255,1287.249,985.9000000000001,10.599999999999998,0.3999999999999986,0.0,60358.5,1,0,0,0,3966,403,12.384109589041095,17.680000000000003,10.544931506849316,14,0.7037836453097318,0.5227534555143772,0.45395735725545605,16,2.3125,11,235,11.763709677419357,22.5,9.414342386768645,177.903,11.397470238095238,20.7,9.53550862550933,142.12,11.624059139784947,23.6,9.200502853085514,159.289,11.187777777777777,21.0,8.537746138282127,151.677,10.31989247311828,22.8,7.849278300523854,146.516,10.20138888888889,22.7,6.525836088139681,142.893,9.914650537634408,22.3,6.0337362126738245,158.038,10.756451612903225,21.1,6.389528453631557,175.525,11.520694444444445,25.0,6.5976130240582105,189.684,11.99260752688172,24.8,7.907484495794219,202.465,12.32638888888889,26.4,8.810224701810597,180.362,11.690725806451615,23.6,9.060132859291812,178.783,b91cb8665ff661757ad6802a23ccec241ab9fa4ef935a91805eff88fb64ac44e
CUSCO_ssp370_2050.epw,Cusco,Cusco-Astete.Intl.AP,846860,-13.536,-71.939,-5.0,3310.1,SRC-TMYx,,False,,,8760,True,0,False,11.47541095890411,-2.2,26.8,2.3,3.1,21.5,23.396399999999993,67.01312785388127,4.998732876712329,12.5,8.098481814141186,13.239788958200421,1.9698972602739726,1999.323,1280.541,1150.8999999999999,16.000000000000004,0.8000000000000007,0.0,58306.299999999996,1,0,0,0,3764,360,12.438904109589041,17.700000000000003,10.598904109589043,14,0.7051137699092446,0.5253774706848626,0.45721256423952655,16,2.3125,11,233,12.022311827956987,22.8,9.589971576509479,177.287,11.623809523809523,20.9,9.705145491332738,141.006,11.855510752688172,23.8,9.357465427319463,158.77,11.42902777777778,21.3,8.708079591549737,150.937,10.523118279569891,23.0,7.947775697465861,146.427,10.418194444444445,22.9,6.634690986555451,141.716,10.169489247311827,22.6,6.1169050362837,158.259,11.068279569892471,21.5,6.451041041135156,175.557,11.796249999999999,25.5,6.647603477480153,188.974,12.29274193548387,25.1,8.014099734430074,201.633,12.578750000000001,26.8,8.91195494638915,180.573,11.952150537634408,23.9,9.20441627217827,178.184,80bc254d2fa00eb1bab66d9b2a446935f208316b34a797b10ace65301385cf3e
CUSCO_ssp585_2050.epw,Cusco,Cusco-Astete.Intl.AP,846860,-13.536,-71.939,-5.0,3310.1,SRC-TMYx,,False,,,8760,True,0,False,11.758230593607307,-1.8,27.0,2.6036,3.5,21.8,23.696399999999993,67.40399543378996,5.35587899543379,12.7,8.295056397065514,13.442588102559426,1.9472716894977171,2017.125,1298.784,1357.7000000000003,23.000000000000007,1.6000000000000014,0.0,56035.600000000006,3,0,0,0,3501,278,12.440000000000001,17.76,10.594520547945208,14,0.7014537204362548,0.5202899913057967,0.45196860289185803,16,2.3125,11,234,12.271774193548389,23.0,9.77760236302556,179.024,11.834374999999998,21.2,9.864852167170696,142.623,12.085618279569893,24.1,9.55607642486015,159.915,11.68486111111111,21.6,8.883824425954133,152.337,10.824193548387097,23.3,8.160386427107074,146.902,10.753888888888888,23.2,6.865816913426991,142.699,10.473118279569892,22.8,6.320006838557427,158.93,11.369086021505375,21.8,6.642781731473044,177.644,12.10597222222222,25.8,6.84303290059815,191.88,12.616935483870968,25.5,8.19144170326703,204.424,12.857222222222221,27.0,9.097355880990163,181.511,12.240994623655913,24.1,9.441343886517767,179.236,a3d4613440eef3d3c2597ace54e0e27ed0fa66e6db0558094b4984adad54d211
IQUITOS_BASE_2011-2025.epw,Iquitos,Iquitos-Secada.Intl.AP,843770,-3.785,-73.309,-5.0,93.3,SRC-TMYx,2011-2025,True,2021;2017;2011;2017;2014;2013;2018;2020;2018;2021;2011;2014,2016.2,8760,True,0,False,26.088801369863017,15.4,37.0,19.0072,21.0,34.0,34.0,84.80285388127854,23.12030821917808,28.8,18.093943593536668,25.513980157409264,1.4781506849315071,1663.045,1339.966,70875.2,20906.899999999998,11879.400000000001,6096.5,17.300000000000004,3237,2173,1195,376,0,0,8.565479452054795,12.0,7.146301369863018,15,0.5436561131679716,0.17246705156685574,0.07313231463758892,24,1.5416666666666667,5,175,25.895698924731185,34.0,18.17795870140231,134.274,26.26830357142857,35.0,18.322897253464106,125.475,26.074193548387097,34.0,18.206856737915945,134.981,26.167222222222225,34.0,18.408771419057388,129.377,26.05228494623656,34.0,18.21937480067161,120.888,25.722638888888888,33.0,17.96974055107833,118.364,25.316129032258065,33.0,17.236655871860762,134.419,25.799865591397854,35.0,17.40952247214723,154.523,26.442638888888887,35.0,18.04966194336308,166.647,26.61572580645161,37.0,18.41892541555089,162.132,26.488194444444446,35.0,18.41314844758557,148.053,26.255107526881723,34.0,18.330983991140222,133.912,52d1f8340480503c1fcf50447fb9cdaacda86d8af9f319d2cbff79d391fb84e6
IQUITOS_ssp126_2050.epw,Iquitos,Iquitos-Secada.Intl.AP,843770,-3.785,-73.309,-5.0,93.3,SRC-TMYx,,False,,,8760,True,0,False,27.49958904109589,16.8,39.0,20.5072,22.4,35.6,35.9,83.30388127853881,24.193835616438356,29.6,19.336858270876384,26.88259052329476,1.4962100456621004,1691.039,901.981,83218.8,31243.4,17904.1,10132.199999999999,2.400000000000002,5046,3126,2098,1123,0,0,8.638356164383561,12.300000000000002,7.207671232876709,15,0.5620372708936777,0.20482036370110462,0.10996727176925157,21,1.7619047619047619,5,184,27.25416666666667,35.3,19.376601055686198,134.505,27.580059523809528,36.2,19.61256637722924,125.98,27.310080645161293,35.1,19.595032323657517,135.649,27.36611111111111,35.1,19.787243545773137,130.216,27.259408602150533,35.2,19.497431280472593,122.412,27.10263888888889,34.3,19.32133727167622,120.136,26.719086021505376,34.4,18.491959658603488,138.125,27.33844086021506,36.7,18.705572431247546,160.642,28.09666666666667,36.8,19.32836787122421,172.321,28.25,39.0,19.51795011980078,166.169,28.075833333333332,37.0,19.414414483314474,150.595,27.671102150537635,35.6,19.436760070784146,134.289,e23e9b1181de9b9c98a9c2a6cdbfac664776f61b0cd3f283a62ef9eca646c75d
IQUITOS_ssp245_2050.epw,Iquitos,Iquitos-Secada.Intl.AP,843770,-3.785,-73.309,-5.0,93.3,SRC-TMYx,,False,,,8760,True,0,False,27.801004566210043,17.2,39.4,20.8072,22.7,35.8,36.3,83.2183789954338,24.4727397260274,29.8,19.66968509155893,27.089614544794593,1.5812671232876714,1680.572,889.379,85858.0,33724.5,19430.3,11042.400000000001,1.1999999999999993,5210,3181,2142,1221,0,0,8.612876712328767,12.260000000000002,7.1835616438356205,15,0.5663678967204496,0.21485980464835708,0.12227431606261156,20,1.85,5,181,27.49650537634409,35.6,19.664625277306953,133.956,27.904017857142858,36.6,19.965284122911665,126.165,27.62715053763441,35.5,19.94702150291967,135.508,27.66305555555556,35.4,20.103923161306287,130.43,27.561962365591395,35.4,19.92867099103832,121.028,27.392777777777777,34.6,19.7222846079117,119.141,26.992473118279566,34.6,18.849049055465596,136.648,27.59932795698925,36.8,19.04563185434659,157.963,28.35597222222222,37.1,19.696760664028073,171.293,28.598790322580644,39.4,19.769819481442102,165.95,28.462083333333336,37.4,19.60694647671726,149.518,27.989516129032253,35.8,19.77936427872542,132.972,8ea399db0189e0399b87961fe44ee9242a089ce4320451485c412cf9810ee004
IQUITOS_ssp370_2050.epw,Iquitos,Iquitos-Secada.Intl.AP,843770,-3.785,-73.309,-5.0,93.3,SRC-TMYx,,False,,,8760,True,0,False,28.153824200913242,17.4,40.1,21.107200000000002,23.0,36.2,36.89639999999999,82.17009132420091,24.5937899543379,29.9,19.82453423782423,27.31161358706871,2.204326484018265,1676.868,884.731,88948.3,36687.9,21496.0,12366.000000000002,0.8000000000000007,5701,3423,2375,1410,0,0,8.697808219178084,12.280000000000003,7.258630136986305,15,0.5749196877022018,0.22969260798348168,0.13953536725291454,20,1.85,5,183,27.92970430107527,36.1,19.812607701628774,134.302,28.29568452380952,37.1,20.136162809747184,126.362,27.967741935483872,35.9,20.163843263260116,135.199,27.947222222222223,35.7,20.352256331671114,130.534,27.835349462365595,35.7,20.097326886411633,120.936,27.69055555555555,34.9,19.913274592369813,118.206,27.318817204301077,35.0,18.96737241802972,135.781,27.930510752688175,37.2,19.213616070824223,157.07,28.775416666666665,37.6,19.831572089050237,170.784,29.063306451612902,40.1,19.801380274748773,165.669,28.808194444444446,37.8,19.73289132987481,148.815,28.316666666666666,36.3,19.91942138006268,133.21,7a23058a3a01a8be7554580ec2f17658b708a6429eb872eaf758ba3b29c68195
IQUITOS_ssp585_2050.epw,Iquitos,Iquitos-Secada.Intl.AP,843770,-3.785,-73.309,-5.0,93.3,SRC-TMYx,,False,,,8760,True,0,False,28.38634703196347,17.7,40.5,21.3072,23.3,36.5,37.3,82.15753424657534,24.81753424657534,30.1,20.094692896839994,27.60986698847115,1.5158333333333334,1687.501,897.549,90984.7,38672.6,22996.4,13220.300000000001,0.3000000000000007,6462,3685,2469,1515,0,0,8.6813698630137,12.440000000000003,7.243287671232878,15,0.5907854102709212,0.2576581480744225,0.17107275246741566,20,1.85,5,186,28.095698924731177,36.2,20.09392946082418,134.1,28.471577380952382,37.3,20.385185173331276,126.076,28.10201612903226,36.0,20.41852165895086,136.014,28.128194444444443,35.9,20.642086101164736,130.647,28.042607526881717,35.9,20.392942670170992,121.134,27.870277777777776,35.0,20.22791731295736,118.423,27.52567204301075,35.1,19.33874548946045,137.127,28.212365591397848,37.5,19.52174139008195,160.72,29.10625,38.0,20.09582336223131,173.996,29.44852150537634,40.5,19.97792772404888,167.299,29.12,38.2,19.88345945741511,149.614,28.54314516129032,36.4,20.201325009051924,132.351,f5e4b10b28d0758a05e7ff537e9737690a8341bc9af7cbba4482139f86841efc
JULIACA_BASE_2011-2025.epw,Juliaca,Juliaca-Manco.AP,847350,-15.467,-70.158,-5.0,3825.8,SRC-TMYx,2011-2025,False,2017;2025;2019;2017;2020;2024;2019;2022;2015;2015;2014;2017,2018.7,8760,True,0,False,9.475068493150685,-15.3,23.0,-5.2,-2.9409999999999994,20.0,21.0,54.276712328767125,-1.0020319634703194,8.3,5.951981464987594,10.62972335363713,2.3459018264840186,2445.698,2652.508,439.1000000000001,0.0,0.0,0.0,75117.5,0,0,0,0,4729,1631,15.017534246575341,23.48,13.772328767123287,15,0.8453245743729453,0.7722333721192916,0.7387050196605149,18,2.0555555555555554,9,275,10.283870967741935,20.0,8.321239436914462,211.386,10.088839285714286,19.0,8.36425653418883,185.423,10.154569892473118,19.3,8.28460426699714,203.936,9.293333333333333,19.0,7.471736090441596,183.895,8.275,20.8,5.087396806698529,181.896,7.419722222222222,19.0,3.899363408416038,168.712,7.044623655913978,20.0,3.2450321472623953,180.867,8.404166666666667,20.4,2.9782064842993754,202.25,9.81236111111111,22.2,5.2735370145065446,219.109,10.420564516129032,23.0,5.665670499989417,241.395,11.637777777777776,22.0,5.889711298050097,242.113,10.933870967741935,20.0,7.135386403669521,224.716,d14045fc59911310ab94d50a547dfeee072b4c6bd971962a035a0fd6ca4239aa
JULIACA_ssp126_2050.epw,Juliaca,Juliaca-Manco.AP,847350,-15.467,-70.158,-5.0,3825.8,SRC-TMYx,,False,,,8760,True,0,False,10.988390410958907,-14.0,24.5,-3.7,-1.4409999999999996,21.5,22.5,55.31575342465754,1.0007305936073057,9.5,6.69590038224455,11.486109758206759,2.3462899543379,2460.235,1698.177,1462.5000000000005,1.0,0.0,0.0,62884.2,0,0,0,0,4102,1059,15.167123287671233,23.7,13.901917808219178,15,0.8349279428417112,0.7567357395047914,0.7208107638851281,18,2.0555555555555554,9,285,11.778629032258063,21.5,9.196003174785556,212.589,11.597619047619048,20.6,9.239366872509114,186.726,11.655645161290325,20.9,9.168879410901353,204.879,10.778055555555556,20.6,8.331499825332035,184.724,9.820967741935483,22.5,5.809859932387836,183.641,9.006527777777778,20.7,4.577395462069696,168.42,8.616666666666665,21.7,3.831618097836843,181.38,10.031586021505376,22.3,3.540840759198242,205.033,11.358333333333333,23.9,5.958142274466526,220.011,11.836155913978494,24.5,6.390009281370807,241.593,13.07388888888889,23.6,6.607158161307827,243.831,12.374059139784947,21.6,7.903934356220099,227.408,ba80e42a9fae5ce4733be8049a3ba091b06c583b2ff8f90b5cadc84ba140525a
JULIACA_ssp245_2050.epw,Juliaca,Juliaca-Manco.AP,847350,-15.467,-70.158,-5.0,3825.8,SRC-TMYx,,False,,,8760,True,0,False,11.307591324200915,-13.7,24.6,-3.3,-1.1,21.8,22.696399999999993,55.659360730593605,1.4101255707762559,9.8,6.884696781232727,11.714475288558951,2.347454337899544,2437.619,1686.572,1718.8000000000002,1.4000000000000021,0.0,0.0,60344.299999999996,0,0,0,0,3950,951,15.089863013698631,23.58,13.836712328767124,15,0.8342820760857897,0.7558793791607351,0.7197556130223016,18,2.0555555555555554,9,285,12.083870967741936,21.8,9.403005110306486,210.692,11.888839285714285,20.8,9.448753932708026,184.881,11.954569892473119,21.1,9.385192229669732,202.752,11.092777777777776,20.8,8.520620549942139,183.158,10.168682795698924,22.7,6.025701553490159,181.488,9.320555555555554,21.0,4.733179750700787,167.188,8.96532258064516,22.1,3.9371400251661957,180.847,10.351612903225806,22.5,3.6939001707074075,202.831,11.726666666666668,24.2,6.137307447571995,217.996,12.113575268817204,24.6,6.586126710419414,238.626,13.372916666666667,23.8,6.798436937316219,242.045,12.717069892473118,21.8,8.151607570182103,225.115,91521454119c17e70787b14ba2795c6315e58d324600db29858552c2d36a0c95
JULIACA_ssp370_2050.epw,Juliaca,Juliaca-Manco.AP,847350,-15.467,-70.158,-5.0,3825.8,SRC-TMYx,,False,,,8760,True,0,False,11.568367579908676,-13.3,24.9,-3.0964,-0.8,22.1,22.996399999999994,55.737899543378994,1.6810730593607304,10.0,7.014253426317661,11.876954133209484,2.343230593607306,2427.412,1681.15,2017.0000000000002,3.600000000000005,0.0,0.0,58358.1,0,0,0,0,3643,868,15.092876712328769,23.5,13.843287671232876,15,0.8344794964060098,0.7558114933257771,0.7197490997117812,16,2.3125,9,285,12.383870967741933,22.1,9.57952983531276,209.924,12.188839285714286,21.1,9.638193925033946,183.797,12.237096774193546,21.3,9.558012627370848,201.408,11.306111111111111,21.1,8.668018266084943,182.105,10.3752688172043,23.0,6.1301283053308095,181.171,9.56611111111111,21.2,4.859649324315516,165.511,9.247177419354838,22.3,4.068959435455941,180.048,10.670295698924733,22.9,3.7683387113201077,202.966,11.948749999999999,24.5,6.2001391984945595,217.368,12.341801075268819,24.9,6.696379103648812,237.412,13.626250000000002,24.1,6.930747959272553,241.224,12.994489247311828,22.1,8.281762570591976,224.478,4e019be9bb0ef24afea47efadfbec24cf13ff0a7b3e9165fef5937abb854f286
JULIACA_ssp585_2050.epw,Juliaca,Juliaca-Manco.AP,847350,-15.467,-70.158,-5.0,3825.8,SRC-TMYx,,False,,,8760,True,0,False,11.888664383561645,-13.0,25.3,-2.6964,-0.44099999999999967,22.4,23.3,56.02477168949772,2.0660502283105027,10.2,7.198755048988751,12.054813835531222,2.348607305936073,2440.633,1688.654,2445.3999999999996,7.300000000000001,0.0,0.0,55980.7,0,0,0,0,3396,796,15.08027397260274,23.5,13.829863013698628,15,0.8348401199787834,0.7565169696549615,0.7199310521283282,18,2.0555555555555554,9,284,12.658602150537634,22.4,9.750375822385521,211.35,12.488839285714286,21.4,9.814664379069416,185.945,12.541666666666666,21.6,9.764461167167878,203.26,11.596944444444443,21.3,8.844451021017061,183.355,10.711559139784947,23.3,6.311959126801456,181.28,9.897222222222222,21.5,5.020925560800091,166.033,9.555913978494624,22.6,4.193352633320606,180.844,11.00241935483871,23.2,3.9525315917461934,203.763,12.289861111111112,24.7,6.450509014533353,217.958,12.723655913978497,25.3,6.9119739074260975,239.41,13.974305555555556,24.5,7.097377584877793,242.42,13.28763440860215,22.4,8.48105848760714,225.015,9d58b3e5f729f043a8979984a6b685634b39ad26e84c2104b4a1e00a504228f4
LIMA_BASE_2011-2025.epw,Lima,Lima-Chavez.Intl.AP,846280,-12.022,-77.114,-5.0,34.4,SRC-TMYx,2011-2025,True,2015;2012;2021;2019;2020;2021;2021;2018;2025;2011;2012;2016,2017.6,8760,True,0,False,19.63087899543379,11.7,29.6,15.0,15.0,27.0,28.0,80.88618721461187,16.190182648401827,22.0,11.648951817496055,16.634738331671038,3.5871347031963476,2176.827,2112.801,18577.1,1226.6999999999998,219.29999999999998,12.3,4290.599999999999,174,14,0,0,0,0,4.46054794520548,7.0,3.7035616438356165,15,0.9818310827127957,0.9663334279709258,0.9571670994860264,7,5.285714285714286,18,149,22.580510752688173,28.0,13.279554506079778,210.633,23.38095238095238,29.0,14.68454101519579,176.0,23.118279569892472,29.6,13.793500961348727,188.528,21.47958333333333,27.5,13.239748178762953,172.516,19.41545698924731,25.0,11.347495500974224,161.55,18.096111111111114,22.0,10.42045669518458,139.598,17.070564516129032,21.0,9.705192254758964,151.809,16.459139784946235,20.1,9.89370706478339,170.937,16.38277777777778,19.1,9.586230093644398,184.174,17.486290322580643,22.2,10.066382878012826,208.802,19.189027777777774,24.0,11.160143563223262,204.348,21.165860215053762,26.5,12.833615512626679,207.932,6a255110606101bdd9a2e4a8cca99d9ab22f3c65b41fe501d18e1f91601e911a
LIMA_BASE_TMYx.2011-2025.epw,Lima,Lima-Chavez.Intl.AP,846280,-12.022,-77.114,-5.0,34.4,SRC-TMYx,2011-2025,True,2015;2012;2021;2019;2020;2021;2021;2018;2025;2011;2012;2016,2017.6,8760,True,0,False,19.63087899543379,11.7,29.6,15.0,15.0,27.0,28.0,80.88618721461187,16.190182648401827,22.0,11.648951817496055,16.634738331671038,3.5871347031963476,2176.827,2112.801,18577.1,1226.6999999999998,219.29999999999998,12.3,4290.599999999999,174,14,0,0,0,0,4.46054794520548,7.0,3.7035616438356165,15,0.9818310827127957,0.9663334279709258,0.9571670994860264,7,5.285714285714286,18,149,22.580510752688173,28.0,13.279554506079778,210.633,23.38095238095238,29.0,14.68454101519579,176.0,23.118279569892472,29.6,13.793500961348727,188.528,21.47958333333333,27.5,13.239748178762953,172.516,19.41545698924731,25.0,11.347495500974224,161.55,18.096111111111114,22.0,10.42045669518458,139.598,17.070564516129032,21.0,9.705192254758964,151.809,16.459139784946235,20.1,9.89370706478339,170.937,16.38277777777778,19.1,9.586230093644398,184.174,17.486290322580643,22.2,10.066382878012826,208.802,19.189027777777774,24.0,11.160143563223262,204.348,21.165860215053762,26.5,12.833615512626679,207.932,6a255110606101bdd9a2e4a8cca99d9ab22f3c65b41fe501d18e1f91601e911a
LIMA_ssp126_2050.epw,Lima,Lima-Chavez.Intl.AP,846280,-12.022,-77.114,-5.0,34.4,SRC-TMYx,,False,,,8760,True,0,False,20.86716894977169,13.1,30.8,16.3,16.3,28.2,29.1,81.96575342465754,17.592796803652966,23.0,12.743660083149985,17.80194636693054,3.5932762557077633,2177.79,1480.156,26318.4,2541.2000000000003,658.9000000000003,86.40000000000006,1201.9999999999998,611,133,10,0,0,0,4.415342465753425,7.0,3.6657534246575345,15,0.981224585210539,0.9650286535637604,0.9553281180531766,7,5.285714285714286,18,149,23.714650537634405,29.0,14.388794482137095,209.966,24.482738095238098,30.1,15.77506488306413,175.206,24.31706989247312,30.8,14.959539978746976,189.06,22.68347222222222,28.7,14.374650599264614,173.174,20.715456989247315,26.3,12.486226440364058,162.254,19.41555555555556,23.2,11.5420631420389,139.63,18.371908602150537,22.3,10.704158234255596,152.679,17.75913978494624,21.4,10.873495408108692,172.787,17.706944444444446,20.3,10.701534090074459,184.569,18.770161290322584,23.4,11.18358457036751,207.906,20.38569444444444,25.1,12.225124056660363,203.436,22.327419354838707,27.6,13.934296272561971,207.123,9cc7186b28e52bdf3a4a474cf2e04cd38734456084aecb1d68f476fa0d163588
LIMA_ssp245_2050.epw,Lima,Lima-Chavez.Intl.AP,846280,-12.022,-77.114,-5.0,34.4,SRC-TMYx,,False,,,8760,True,0,False,21.142077625570778,13.5,30.9,16.6,16.6,28.4,29.3,82.23618721461187,17.91482876712329,23.3,13.009665254592102,18.080855631175485,3.591735159817352,2152.145,1453.061,28294.200000000004,2906.7,791.9999999999995,116.29999999999993,769.5999999999993,630,140,11,0,0,0,4.336986301369863,6.899999999999999,3.6005479452054807,15,0.9816339616386346,0.9659549112568956,0.9566995520563719,7,5.285714285714286,18,146,23.933198924731187,29.2,14.628628486773888,206.996,24.795386904761905,30.3,16.120756219095135,173.192,24.574193548387097,30.9,15.288533235864062,186.635,22.952083333333334,28.9,14.671379308463045,172.117,20.954435483870967,26.4,12.738009653683553,160.342,19.703749999999996,23.4,11.78206444370694,138.358,18.666129032258063,22.5,10.928124370490547,150.977,18.04596774193548,21.6,11.081755429211377,170.013,18.02416666666667,20.6,10.930891873030303,182.279,19.057258064516127,23.6,11.454341359992634,205.424,20.657916666666665,25.3,12.503845736196753,201.865,22.58978494623656,27.7,14.219355946227227,203.947,3b0a7b6bbb05a9a7af86a56466cde5d5a25c2b92a58df8ef8aabd650028ef28d
LIMA_ssp370_2050.epw,Lima,Lima-Chavez.Intl.AP,846280,-12.022,-77.114,-5.0,34.4,SRC-TMYx,,False,,,8760,True,0,False,21.38609589041096,13.7,31.2,16.8,16.8,28.6,29.5,82.24246575342465,18.15722602739726,23.5,13.210865087856348,18.23342045008593,3.578550228310503,2138.619,1438.265,30150.399999999998,3291.3000000000006,924.6000000000003,143.00000000000009,488.2000000000003,660,149,11,0,0,0,4.349041095890411,6.899999999999999,3.6087671232876737,15,0.9815119008942739,0.965785731501406,0.9563309617997354,7,5.285714285714286,18,147,24.19986559139785,29.4,14.896927848744587,205.862,24.988244047619045,30.5,16.308272312578076,171.899,24.790188172043013,31.2,15.492735299876347,185.805,23.184722222222224,29.1,14.924326232496878,170.244,21.203360215053767,26.7,12.964294256496885,159.493,19.955555555555556,23.7,11.974366107837639,137.529,18.893279569892478,22.8,11.077922984609032,150.198,18.25954301075269,21.9,11.233441063092672,168.746,18.260277777777777,20.9,11.085378288769007,180.502,19.345295698924733,23.9,11.637552478407411,204.699,20.955833333333334,25.6,12.697504219651387,200.752,22.842741935483872,28.0,14.46767080595801,202.89,709d7381f26cafcba68deb8b8045e128107b306dc2fc7d9ce94259520055ef9d
LIMA_ssp585_2050.epw,Lima,Lima-Chavez.Intl.AP,846280,-12.022,-77.114,-5.0,34.4,SRC-TMYx,,False,,,8760,True,0,False,21.622180365296803,14.0,31.4,17.1,17.1,28.8,29.7,82.57066210045662,18.448561643835617,23.7,13.456621087411706,18.56201566458415,3.5761872146118727,2149.923,1449.929,31979.7,3656.4,1077.3,179.60000000000002,249.39999999999992,678,165,12,0,0,0,4.3191780821917805,6.900000000000002,3.582465753424657,15,0.9814849613894839,0.9657172110847515,0.9562899511693931,7,5.285714285714286,18,146,24.380645161290317,29.6,15.100291337842327,206.463,25.226190476190474,30.7,16.58643712427351,172.514,25.008198924731186,31.4,15.742466547642472,186.512,23.431527777777774,29.4,15.165733481544258,171.349,21.456451612903223,26.9,13.211088750544882,160.4,20.177083333333332,23.8,12.259170951900018,138.192,19.146639784946235,22.9,11.343546777554652,151.084,18.541801075268815,22.1,11.486666561366917,170.399,18.520972222222223,21.1,11.343769963497445,182.441,19.596236559139783,24.2,11.879679160676279,205.913,21.18638888888889,25.8,12.909349938801153,201.632,23.04045698924731,28.1,14.684832714479846,203.024,af566d006e2fc47a2133d327b9546cd70607a081c99c3d45883445a404271007
PIURA_BASE_2011-2025.epw,Piura,Piura-Iberico.Intl.AP,844010,-5.206,-80.616,-5.0,35.4,SRC-TMYx,2011-2025,True,2015;2015;2014;2019;2019;2019;2021;2011;2018;2025;2011;2022,2017.4,8760,True,0,False,24.122203196347034,13.8,36.4,16.903599999999997,17.3,33.5,34.1,65.98093607305935,17.01982876712329,21.4,12.257353253228716,16.07582004643289,3.6978196347031966,2197.416,2289.823,53813.6,15872.900000000001,8748.900000000001,4177.299999999999,183.10000000000008,2828,1703,877,341,0,0,10.193972602739727,12.38,9.451780821917811,17,0.9629848223422349,0.9530798005061244,0.9473522655267987,11,3.3636363636363638,14,202,26.587096774193547,35.0,13.653379395059787,186.164,27.994494047619053,36.1,14.653732333996377,153.587,27.543413978494623,36.4,14.015170822030067,174.412,26.35902777777778,33.8,12.832354053273543,177.395,24.860349462365594,32.7,12.865501884367937,171.645,22.74527777777778,31.4,11.560444824453247,168.947,21.48481182795699,29.9,11.223943253771306,171.492,20.99704301075269,29.0,10.948370613712592,187.429,21.3425,30.6,10.957226252862581,203.093,22.2372311827957,32.1,11.291454038590018,203.982,22.908749999999998,31.4,11.354052891385267,200.093,24.68010752688172,33.0,11.889505522060018,199.177,8cdc98994bba8926f9319146d2267725d8fa7acd5791fcc5031bc1e6c59ae22e
PIURA_ssp126_2050.epw,Piura,Piura-Iberico.Intl.AP,844010,-5.206,-80.616,-5.0,35.4,SRC-TMYx,,False,,,8760,True,0,False,25.284634703196346,15.0,37.5,18.2,18.5,34.5,35.2,67.58127853881278,18.51134703196347,22.5,13.47399660982711,17.311474829355255,3.6657420091324204,2202.612,1629.639,63833.600000000006,21220.9,12408.499999999998,6444.900000000001,20.20000000000001,3638,2346,1310,645,0,0,10.144931506849314,12.360000000000001,9.404657534246578,17,0.9619489321887748,0.9517500237440142,0.9459275862964902,11,3.3636363636363638,14,200,27.647311827956987,36.0,14.81102147190095,185.955,29.094494047619047,37.2,15.885657208885315,153.948,28.643413978494625,37.5,15.255196006899133,175.174,27.52263888888889,34.9,14.114153253191464,177.538,26.07688172043011,33.8,14.172071765609378,171.428,24.011527777777776,32.5,12.913803280665029,168.382,22.73709677419355,31.1,12.445455356042926,171.824,22.197043010752687,30.2,12.080945301755873,189.092,22.542499999999997,31.8,12.101728123183305,204.814,23.419892473118278,33.2,12.53336466663127,204.159,24.013055555555557,32.5,12.507573960715927,200.334,25.78010752688172,34.1,13.027513244238978,199.964,5829ef8f564a9eb74e9651898011713c5b55bd9d927bd0e8060489802a0da477
PIURA_ssp245_2050.epw,Piura,Piura-Iberico.Intl.AP,844010,-5.206,-80.616,-5.0,35.4,SRC-TMYx,,False,,,8760,True,0,False,25.525194063926943,15.3,37.7,18.5,18.8,34.7,35.4,68.15296803652969,18.874303652968035,22.8,13.791284119355407,17.65215888162238,3.6596232876712333,2184.186,1594.495,65934.0,22351.499999999996,13189.600000000002,6943.5,13.299999999999994,3777,2455,1425,684,0,0,10.078904109589041,12.299999999999997,9.344931506849317,17,0.9615971806698873,0.9512546061242594,0.945291217024264,11,3.3636363636363638,14,199,27.860483870967737,36.2,15.146247414550734,185.11,29.285565476190477,37.3,16.14591824866277,152.401,28.851478494623656,37.7,15.574618239075388,173.539,27.71152777777778,35.1,14.423980290050759,176.077,26.313844086021504,34.0,14.514805386791743,169.898,24.270277777777775,32.7,13.243700801697035,166.768,22.954973118279568,31.2,12.725223651218169,169.826,22.453629032258064,30.4,12.384097239026778,186.623,22.841250000000002,32.1,12.437688057443259,203.483,23.734139784946233,33.5,12.829907291767885,204.137,24.288888888888888,32.7,12.836909442460744,199.243,26.003763440860215,34.2,13.388476095395514,197.081,1c078896256cb9cb4c10f707bc460abc6b1bb86a2bd923725456d1bbf247c839
PIURA_ssp370_2050.epw,Piura,Piura-Iberico.Intl.AP,844010,-5.206,-80.616,-5.0,35.4,SRC-TMYx,,False,,,8760,True,0,False,25.773287671232872,15.5,37.9,18.7,19.1,34.9,35.6,68.09851598173516,19.097751141552514,23.0,13.989452392412609,17.858087684241458,3.7054452054794527,2174.549,1575.022,68103.7,23687.899999999998,14141.7,7583.3,9.700000000000003,3943,2589,1527,752,0,0,10.095890410958905,12.2,9.360273972602737,17,0.9611870525668377,0.9506817756004574,0.944613134557139,11,3.3636363636363638,14,198,28.106854838709676,36.4,15.406333597299819,184.492,29.49434523809524,37.5,16.34633122401993,152.16,29.061693548387098,37.9,15.78279509386261,172.34,27.951111111111114,35.3,14.648989246099502,175.094,26.592741935483872,34.3,14.70308649706829,169.984,24.532499999999995,33.0,13.409516334793937,166.638,23.231854838709676,31.5,12.8627584120207,169.651,22.681317204301077,30.7,12.511939420283754,184.829,23.042499999999997,32.3,12.559875203303106,202.209,24.00349462365591,33.8,13.043910717653004,202.963,24.572222222222223,32.9,13.1063576122021,197.533,26.272311827956987,34.5,13.647585844588765,196.656,2aae38a68937a2b9afa88ab8dc2a1afd45e30470fd7aedec71c104a085e766e0
PIURA_ssp585_2050.epw,Piura,Piura-Iberico.Intl.AP,844010,-5.206,-80.616,-5.0,35.4,SRC-TMYx,,False,,,8760,True,0,False,25.955000000000002,15.7,38.0,18.9,19.3,35.1,35.7,68.73949771689497,19.42222602739726,23.3,14.280171579570125,18.013493677935834,3.6263698630136987,2183.239,1592.775,69692.1,24597.2,14797.399999999998,7983.299999999999,6.300000000000004,4081,2692,1604,786,0,0,10.042739726027396,12.199999999999996,9.314520547945204,17,0.9607701173982099,0.9502433631976939,0.9440841767775492,11,3.272727272727273,14,200,28.225672043010753,36.5,15.622807787035415,184.554,29.660416666666666,37.6,16.682876471677933,151.684,29.22594086021505,38.0,16.08763960167553,172.483,28.127361111111107,35.5,14.912470606629324,176.025,26.767741935483865,34.5,15.002057716047776,170.51,24.708611111111107,33.1,13.719319851335507,166.645,23.40779569892473,31.6,13.20862381314683,169.603,22.89435483870968,30.9,12.82770118462683,186.832,23.325138888888887,32.6,12.861734321653826,204.618,24.22728494623656,34.0,13.329166800289972,204.988,24.76208333333333,33.1,13.36550976900832,198.625,26.392741935483873,34.5,13.901714351284241,196.672,39b5f0c1a54b0ce64a909ad3e51043760632242072c77516671264be66b3dd91
TACNA_BASE_2011-2025.epw,Tacna,Tacna-Ciriani.Intl.AP,847820,-18.053,-70.276,-5.0,468.8,SRC-TMYx,2011-2025,True,2012;2020;2025;2019;2018;2025;2017;2014;2024;2017;2011;2018,2018.3,8760,True,0,False,17.892420091324198,10.0,29.3,11.6036,12.0,27.0,28.0,66.22203196347031,11.116278538812786,18.1,8.968376533659036,13.731557261794139,2.4940525114155254,2282.14,2461.204,13877.999999999998,1210.1,240.3,10.000000000000004,14820.399999999998,196,11,0,0,0,0,8.09013698630137,11.0,6.993424657534247,14,0.9780183895115758,0.9612702012574634,0.9508333618862651,11,3.3636363636363638,18,176,21.30551075268817,29.0,10.9334999838794,220.822,22.514732142857145,29.3,12.680376400397014,182.328,21.539650537634408,29.1,10.367888517759075,206.7,19.212777777777777,28.0,9.780670561862994,183.491,17.368548387096777,25.6,8.983139993344325,154.049,15.20111111111111,22.5,7.443268652438807,128.072,14.55698924731183,22.0,6.4716465548433515,140.48,14.461021505376344,23.4,6.873184538213318,165.579,14.944166666666666,23.0,7.107563548726696,191.86,16.04811827956989,26.0,8.045873951654135,230.566,17.885277777777777,25.6,9.331411086865346,238.049,19.978897849462363,27.0,9.88991097893917,240.144,43e2dac95f3eb3a08e3f60ccdb99bd0b1ecaa5ce795997bbf0a9e26c8a652c06
TACNA_ssp126_2050.epw,Tacna,Tacna-Ciriani.Intl.AP,847820,-18.053,-70.276,-5.0,468.8,SRC-TMYx,,False,,,8760,True,0,False,19.297522831050227,11.5,30.7,13.2,13.5,28.4,29.4,66.2447488584475,12.491986301369863,19.1,9.787935490639924,14.658703952262242,2.494041095890411,2294.087,1603.857,20094.899999999998,2534.0000000000005,811.8,125.49999999999991,8728.6,583,164,9,0,0,0,8.106849315068493,10.900000000000002,7.001643835616438,14,0.9767146668147481,0.9590728960050342,0.9480348342334421,12,3.0833333333333335,10,175,22.625134408602147,30.4,11.827847354140578,224.068,23.798363095238095,30.7,13.60006368129849,185.352,22.841263440860217,30.5,11.344529146398859,208.213,20.518888888888892,29.4,10.67320166297759,184.271,18.769489247311828,27.0,9.75095136771366,154.459,16.700555555555557,23.9,8.173142121979884,127.895,16.05698924731183,23.5,7.123204121821931,140.65,15.969623655913978,25.0,7.5344464851238,166.142,16.49722222222222,24.4,7.952496796249011,191.049,17.505645161290325,27.3,8.915617693461035,229.274,19.261527777777783,26.9,10.197469010464058,238.703,21.3252688172043,28.5,10.661642000923944,244.011,fdbfb259cbc8efdd833b2d724e972018f5255ffd12ff074209ad330957c8e9bc
TACNA_ssp245_2050.epw,Tacna,Tacna-Ciriani.Intl.AP,847820,-18.053,-70.276,-5.0,468.8,SRC-TMYx,,False,,,8760,True,0,False,19.614509132420093,11.9,30.9,13.6,13.8,28.6,29.6,66.21404109589041,12.7900799086758,19.4,9.984662243289407,14.88529482907475,2.491643835616438,2278.102,1590.84,21655.300000000003,2867.900000000001,963.0000000000005,165.5000000000002,7512.2,613,176,10,0,0,0,8.035616438356165,10.88,6.944109589041094,14,0.9767963436681841,0.9590811762438051,0.948084145329214,11,3.3636363636363638,18,173,22.902822580645157,30.6,12.048954789940186,222.461,24.11458333333333,30.9,13.854738937458777,183.654,23.139650537634406,30.7,11.591303368553586,206.907,20.8175,29.6,10.873088568596263,183.479,19.08104838709677,27.3,9.93924802873247,153.371,17.000972222222224,24.3,8.279626487317831,127.495,16.35900537634409,23.8,7.200079425759817,140.237,16.32903225806452,25.2,7.692378435203363,164.686,16.833472222222227,24.7,8.091958315139848,189.099,17.861021505376346,27.4,9.17765033700879,226.756,19.571666666666665,27.2,10.404600166775934,237.771,21.662231182795693,28.8,10.962992789540232,242.186,8e80a459550336bd3fb35d43a7f667f15825d5f3d8d77611453200562033e24a
TACNA_ssp370_2050.epw,Tacna,Tacna-Ciriani.Intl.AP,847820,-18.053,-70.276,-5.0,468.8,SRC-TMYx,,False,,,8760,True,0,False,19.9075799086758,12.2,31.2,13.9,14.2,28.9,29.8,66.12374429223745,13.054486301369861,19.540999999999986,10.151079122955789,15.069821203568301,2.485022831050228,2266.231,1581.477,23074.3,3191.1,1117.3,209.7,6363.9,635,188,10,0,0,0,8.001369863013698,10.680000000000001,6.9150684931506845,14,0.9763748324426476,0.9585351560075426,0.9473779441064711,12,3.0833333333333335,10,172,23.16545698924731,31.0,12.212049066632492,221.748,24.314583333333335,31.2,13.995569989101812,183.655,23.341129032258067,31.0,11.694748376720842,206.7,21.113194444444446,29.9,11.080490394832005,182.328,19.36760752688172,27.5,10.079693998418138,152.371,17.2975,24.4,8.432793203365408,126.247,16.736559139784944,24.1,7.377291808723453,139.356,16.658736559139783,25.5,7.833784100592847,163.688,17.15458333333333,24.9,8.2533993928773,187.793,18.158064516129034,27.6,9.370784985059817,224.366,19.910277777777775,27.4,10.61923329829799,236.572,21.965725806451612,29.0,11.163597067169551,241.407,6ee5a0bc4573183404e85aa947a8f0d4cc885248382885597c08ea133142c871
TACNA_ssp585_2050.epw,Tacna,Tacna-Ciriani.Intl.AP,847820,-18.053,-70.276,-5.0,468.8,SRC-TMYx,,False,,,8760,True,0,False,20.172260273972604,12.6,31.5,14.2,14.5,29.1,30.1,66.30502283105022,13.35076484018265,19.7,10.347487777016369,15.242669123364413,2.48466894977169,2272.019,1586.834,24552.300000000003,3562.500000000002,1318.5000000000007,277.10000000000036,5523.3,849,335,48,0,0,0,7.967671232876712,10.600000000000001,6.886575342465754,14,0.976612020204362,0.9588374333623587,0.9476737719012511,11,3.3636363636363638,18,172,23.405510752688173,31.1,12.443852668990562,221.892,24.608035714285712,31.5,14.189272172151401,184.497,23.639650537634406,31.2,11.952556293687364,207.916,21.332916666666662,30.1,11.258286575447007,183.093,19.653494623655916,27.8,10.277187177662936,152.956,17.56180555555556,24.7,8.586838910849087,126.928,16.971639784946237,24.4,7.484640346414478,139.735,16.949059139784946,25.8,8.003844090614809,164.389,17.443194444444444,25.1,8.505483709679503,187.656,18.447715053763442,27.8,9.597233735041549,224.543,20.153194444444445,27.6,10.831393158334324,236.164,22.194758064516126,29.3,11.339825918602411,242.25,0dd174729bba8be08b2d020c37316633f26fb9a505be29eee009f21e9c16040a
TRUJILLO_BASE_2011-2025.epw,Trujillo,Huanchaco-Pinillos.Intl.AP,845010,-8.081,-79.109,-5.0,32.3,SRC-TMYx,2011-2025,True,2012;2020;2019;2024;2019;2017;2014;2025;2025;2024;2012;2016,2018.9,8760,True,0,False,19.41398401826484,13.9,27.5,14.8,15.1,25.0,25.4,85.02009132420092,16.789611872146118,21.0,12.058204735597128,15.763908931511393,3.835993150684932,2208.891,2247.642,15127.1,184.3,8.100000000000001,0.0,2740.6,11,0,0,0,0,0,3.725205479452055,5.199999999999999,3.0934246575342463,15,0.9669164986211832,0.9421368614340956,0.9229505754819038,3,12.333333333333334,33,125,20.67849462365591,24.0,12.680908729980715,199.44,22.366666666666667,26.2,14.685316037949812,174.415,22.394623655913975,27.5,14.319127092523681,172.249,20.36638888888889,25.4,12.928980343151125,172.679,20.266801075268816,25.0,12.600687273033127,171.533,18.89277777777778,23.0,11.582931305773808,157.776,18.215994623655913,22.0,10.896144486142447,169.637,17.616397849462363,21.0,10.784315640183788,188.279,17.08597222222222,20.6,10.469177101533331,192.941,17.16034946236559,20.1,10.843330915250448,204.689,18.432083333333335,22.0,10.771593021060818,199.811,19.684139784946236,24.0,12.310177033362725,205.442,f4d43fbbe003803110192ac6a9468e9fad9acdcacd479a75a4a69ec3fa9a8ef3
TRUJILLO_ssp126_2050.epw,Trujillo,Huanchaco-Pinillos.Intl.AP,845010,-8.081,-79.109,-5.0,32.3,SRC-TMYx,,False,,,8760,True,0,False,20.631872146118724,15.2,28.6,16.1,16.4,26.2,26.6,86.41849315068494,18.241358447488587,22.2,13.225364756867682,16.907334589189816,3.843892694063928,2210.755,1492.526,23695.2,694.4000000000003,65.89999999999999,1.4000000000000021,639.9999999999998,121,6,0,0,0,0,3.691780821917808,5.199999999999999,3.064383561643833,15,0.9658589780786753,0.9400168457834621,0.919840214454633,3,12.333333333333334,33,126,21.778494623655913,25.1,13.758390699245508,199.44,23.466666666666665,27.3,15.858591044914657,174.483,23.577016129032256,28.6,15.557391216688746,173.341,21.566388888888884,26.6,14.143157812353516,173.295,21.558333333333334,26.2,13.827170616101387,171.167,20.23041666666667,24.2,12.810893738420322,157.155,19.515994623655917,23.3,12.004689093502707,170.185,18.91639784946237,22.3,11.88047333152592,190.212,18.384722222222223,21.9,11.647877836960369,193.542,18.381989247311825,21.2,12.112604896268905,203.23,19.604166666666664,23.1,11.904534907836979,198.481,20.7877688172043,25.1,13.37617234447192,206.224,4af99c687e974ed5709af40b0528bc4c54f59f3f28ee0f4fb781c4abe21157e5
TRUJILLO_ssp245_2050.epw,Trujillo,Huanchaco-Pinillos.Intl.AP,845010,-8.081,-79.109,-5.0,32.3,SRC-TMYx,,False,,,8760,True,0,False,20.900502283105027,15.5,28.8,16.4,16.7,26.4,26.8,86.85331050228311,18.584646118721466,22.5,13.518072545853357,17.303179695087955,3.8364726027397267,2189.419,1466.943,25832.699999999997,890.0999999999993,91.59999999999994,2.599999999999998,424.2999999999998,127,6,0,0,0,0,3.6093150684931503,5.099999999999998,3.0002739726027414,15,0.9665894184448437,0.9413139707947722,0.9214488743190693,3,12.333333333333334,33,124,22.00645161290323,25.3,14.054611646921163,197.706,23.761011904761908,27.5,16.185022765050647,172.957,23.796505376344083,28.8,15.832392757025495,171.321,21.81763888888889,26.8,14.433695506846114,171.751,21.797983870967744,26.4,14.085327540323899,169.32,20.52777777777778,24.4,13.10579753087426,155.902,19.806854838709675,23.4,12.2810002831706,168.398,19.195564516129032,22.5,12.123324050816821,187.974,18.677083333333332,22.1,11.940162199675157,191.704,18.685618279569894,21.5,12.370315337438733,201.985,19.845833333333335,23.3,12.22575509271266,196.613,21.07634408602151,25.3,13.761206833071425,203.788,7386499ebf4d5aff5d0e0b3f075a80b1c130570d69ff4c06a3d57122fe497e1e
TRUJILLO_ssp370_2050.epw,Trujillo,Huanchaco-Pinillos.Intl.AP,845010,-8.081,-79.109,-5.0,32.3,SRC-TMYx,,False,,,8760,True,0,False,21.149269406392694,15.7,29.0,16.6,16.9,26.6,27.096399999999996,86.83573059360731,18.82675799086758,22.7,13.725205035936433,17.43151715417417,3.8322146118721467,2175.684,1450.631,27873.8,1082.8000000000004,119.10000000000011,4.100000000000005,286.2000000000003,139,8,0,0,0,0,3.6460273972602737,5.180000000000001,3.027123287671234,15,0.965549200084823,0.9393963240081175,0.9190951530605325,3,12.333333333333334,33,125,22.27849462365591,25.6,14.282207149444814,196.815,23.94717261904762,27.7,16.36955632621418,172.005,24.013306451612905,29.0,16.037180972343645,169.963,22.06847222222222,27.1,14.674304028069562,170.975,22.062365591397853,26.7,14.28264666016472,168.64,20.77402777777778,24.7,13.267553639906527,155.31,20.07029569892473,23.7,12.424332572931513,168.128,19.416263440860217,22.7,12.334527872122857,186.059,18.885972222222225,22.4,12.106021640771191,190.11,18.971639784946237,21.8,12.611693538680699,200.438,20.129583333333333,23.5,12.482516752473817,194.937,21.35604838709677,25.6,14.009358948704298,202.304,822c5bd3ec40251ee5bd49859652792047420d100f72856725b44038397265cc
TRUJILLO_ssp585_2050.epw,Trujillo,Huanchaco-Pinillos.Intl.AP,845010,-8.081,-79.109,-5.0,32.3,SRC-TMYx,,False,,,8760,True,0,False,21.36689497716895,16.0,29.3,16.9,17.2,26.8,27.296399999999995,87.36609589041096,19.12939497716895,23.0,13.996808903759911,17.818754131046234,3.8325799086757995,2184.407,1460.575,29662.8,1272.0000000000002,149.90000000000006,6.0000000000000036,168.80000000000004,153,8,0,0,0,0,3.6,5.079999999999999,2.98958904109589,15,0.9660603217636328,0.940159045905174,0.9200993061758677,3,12.333333333333334,33,123,22.452956989247312,25.7,14.504003621547831,197.392,24.167857142857148,27.9,16.63411052397675,172.438,24.248521505376345,29.3,16.339555259060674,170.68,22.27138888888889,27.3,14.9321972834559,171.69,22.291263440860217,26.9,14.586276238172337,169.598,21.004166666666666,24.9,13.574827975967763,155.384,20.282123655913974,23.9,12.71358631084681,168.477,19.666801075268815,23.0,12.566539868119955,188.222,19.16638888888889,22.6,12.40472427251714,191.514,19.17782258064516,21.9,12.902127728410887,201.149,20.34,23.8,12.756124304574177,195.814,21.517876344086023,25.7,14.228038074021173,202.049,9e2ffdb91d758ad7732acc5417e8c5ebb75e2aea71bf8786052b24d4ea1ee5d6
